fold,mAP50,mAP50-95,precision,recall
0,0.83212,0.60965,0.90987,0.75422
1,0.84486,0.62882,0.91199,0.77631
2,0.85694,0.63773,0.9255,0.78591
3,0.84667,0.62692,0.92097,0.76838
4,0.84202,0.62612,0.92213,0.7715
