Model,Precision,Recall,mAP@0.5,mAP@0.5:0.95
Base,0.8976377014227838,0.6835739218706507,0.767905010557834,0.46712847380832406
Fine-tuned,0.8974340628450639,0.7373482966060958,0.8185502368909988,0.5233522228019407
Fold 0,0.9371651880195728,0.7146493366197529,0.8224866372487151,0.5110252471459679
Fold 1,0.9244097310150083,0.7107366564039753,0.8163230548495738,0.5001314973989851
Fold 2,0.8958951540880239,0.7482008180123704,0.8166961521640941,0.5313566698376356
Fold 3,0.8967433245680685,0.736031665124503,0.8085727269821085,0.49106901416829674
Fold 4,0.9021908102826248,0.7248913394421077,0.81174606541838,0.5124782706350248
Ensemble-trained,0.8503859844914677,0.7092578148155473,0.7748983510068246,0.45584249827740647
